drug,pdb_id,mutation,chain,position,wt_aa,mut_aa,auc_ratio_vs_wt,resistant,delta_sidechain_volume_A3,delta_hydropathy,delta_charge,delta_aromatic,delta_polar,wt_mutation_to_drug_min_A,wt_mutation_drug_atom_contacts_4p5A,wt_local_neighbors_8A,wt_local_residue_contacts_4p5A,mut_mutation_to_drug_min_A,mut_mutation_drug_atom_contacts_4p5A,mut_local_neighbors_8A,mut_local_residue_contacts_4p5A,delta_mutation_to_drug_min_A,delta_mutation_drug_atom_contacts_4p5A,delta_local_neighbors_8A,contacts_lost_4p5A,contacts_gained_4p5A,local_backbone_rmsd_A,ligand_resname,ligand_chain,ligand_heavy_atoms,distance_to_Lys745_A,distance_to_T790_A,distance_to_C797_A,distance_to_DFG_centroid_A,distance_to_alphaC_centroid_A,distance_to_activation_loop_centroid_A,distance_to_ATP_pocket_centroid_A,residue_mean_bfactor,contact_graph_degree,betweenness_centrality,closeness_centrality,clustering_coefficient,drug_molecular_weight,drug_hbond_donors,drug_hbond_acceptors,drug_tpsa_A2,drug_rotatable_bonds,drug_xlogp,drug_is_covalent,wt_putative_polar_contacts_3p5A,mut_putative_polar_contacts_3p5A,putative_polar_contacts_lost,putative_polar_contacts_gained,wt_steric_clashes_2A,mut_steric_clashes_2A,delta_steric_clashes_2A,wt_protein_drug_atom_contacts_4p5A,mut_protein_drug_atom_contacts_4p5A,delta_protein_drug_atom_contacts_4p5A,wt_pocket_residue_count_4p5A,mut_pocket_residue_count_4p5A,pocket_residues_lost_4p5A,pocket_residues_gained_4p5A,wt_local_packing_atoms_6A,mut_local_packing_atoms_6A,delta_local_packing_atoms_6A,wt_sidechain_drug_contacts_4p5A,mut_sidechain_drug_contacts_4p5A,delta_sidechain_drug_contacts_4p5A,auxiliary_predicted_mutation_effect,mutation_site_DFI,mutation_site_DFI_percentile,mutation_site_rigidity_score
Afatinib,4G5J,E709A,A,709,E,A,1.166056083432836,0,-49.80000000000001,5.3,1.0,0,-1,16.022077570481397,0,7,7,16.02575201744091,0,7,7,0.0036744469595149,0,0,0,0,5.721689223181559e-15,0WN,A,34,13.850725478153873,14.507418852583392,26.38483753657433,23.282313282056204,19.33589359022495,33.81413285033657,19.156299759518216,80.75666666666666,7.0,0.0016723837719441,0.1528471528471528,0.5714285714285714,485.9,2.0,8.0,88.6,8.0,3.6,1,1,1,0,0,1,1,0,156,156,0,21,21,0,0,20,20,0,0,0,0,-0.402708992969617,,,
Afatinib,4G5J,G719A,A,719,G,A,0.6431409869253434,0,28.5,2.2,0.0,0,0,,0,6,5,6.824737644392508,0,6,5,,0,0,0,0,4.180518156414025e-15,0WN,A,34,10.10351029481359,16.16003201129703,12.813432971581705,16.72460283021904,20.87667762287176,26.08403912656173,8.989174623054804,103.785,6.0,3.95950717308559e-05,0.1489776046738072,0.8,485.9,2.0,8.0,88.6,8.0,3.6,1,1,1,0,0,1,1,0,156,156,0,21,21,0,0,34,23,-11,0,0,0,-0.4885694133370428,0.000710979,0.749557044,0.456740771
Afatinib,4G5J,G779F,A,779,G,F,1.276274862506916,0,129.8,3.2,0.0,1,0,,0,12,9,9.634954678733694,0,12,12,,0,0,0,3,5.598848754984031e-15,0WN,A,34,11.097023322572111,6.993471131615335,20.964453108885195,15.00591769191127,10.265391425135766,24.93185928458025,14.729401549713256,48.39,12.0,0.0141942951210992,0.1908920773549594,0.4848484848484848,485.9,2.0,8.0,88.6,8.0,3.6,1,1,1,0,0,1,1,0,156,156,0,21,21,0,0,60,59,-1,0,0,0,0.8464582418804061,0.000778731,0.82496743,0.419731664
Afatinib,4G5J,H773R,A,773,H,R,1.2669892429864449,0,20.200000000000017,-1.2999999999999998,0.9,-1,0,14.374769085071003,0,12,10,14.374769085071003,0,12,14,0.0,0,0,0,4,1.7353746312312217e-15,0WN,A,34,19.64442060546247,13.84313615289494,13.657629771671276,14.577758587826969,18.0452744235685,20.62869250380552,15.227984915059627,43.431,12.0,0.0364915966840755,0.246178600160901,0.5,485.9,2.0,8.0,88.6,8.0,3.6,1,1,1,0,0,1,1,0,156,156,0,21,21,0,0,65,92,27,0,0,0,0.2172681839983766,0.00064132,0.704524474,0.468508376
Afatinib,4G5J,L858R,A,858,L,R,0.7439115381748902,0,6.700000000000017,-8.3,1.0,0,1,11.711354134941958,0,9,10,11.711354134941958,0,9,11,0.0,0,0,1,2,3.162089811133821e-15,0WN,A,34,15.184037894351423,17.7880968288999,17.77385781383859,5.351313993900874,10.137981114672948,6.895647188194324,15.778816830933469,52.79125,9.0,0.0117759846451436,0.2261640798226164,0.5833333333333334,485.9,2.0,8.0,88.6,8.0,3.6,1,1,1,0,0,1,1,0,156,156,0,21,21,0,0,42,56,14,0,0,0,-0.6410971771519546,0.000630052,0.676912339,0.518410617
Afatinib,4G5J,L861K,A,861,L,K,1.5099782497649097,1,1.9000000000000057,-7.699999999999999,1.0,0,1,16.91637192415896,0,7,6,16.91637192415896,0,7,5,0.0,0,0,1,0,2.3498992183808826e-15,0WN,A,34,21.71819814887843,20.88992920170425,24.384351145709594,12.195094203562586,11.418619953883372,9.3586181052351,22.567293791107783,57.0475,7.0,0.0061673803674694,0.2007874015748031,0.6666666666666666,485.9,2.0,8.0,88.6,8.0,3.6,1,1,1,0,0,1,1,0,156,156,0,21,21,0,0,33,38,5,0,0,0,-0.4046251237283079,0.000616004,0.659177368,0.534984459
Afatinib,4G5J,S768I,A,768,S,I,0.7437559732761934,0,77.69999999999999,5.3,0.0,0,-1,13.381282255838526,0,9,10,13.263315355356047,0,9,10,-0.117966900482477,0,0,0,0,2.596779723821316e-15,0WN,A,34,17.375099902213652,12.998060248946214,21.988854585029017,12.635330564270614,8.5334319450876,18.25820762399644,18.55103916424726,48.04833333333334,9.0,0.0191410032226456,0.1954022988505747,0.4444444444444444,485.9,2.0,8.0,88.6,8.0,3.6,1,1,1,0,0,1,1,0,156,156,0,21,21,0,0,44,48,4,0,0,0,0.7893018065470669,0.000626824,0.675287549,0.406957008
Afatinib,4G5J,T725M,A,725,T,M,1.0592940359935343,0,46.80000000000001,2.6,0.0,0,-1,10.472933762141974,0,7,8,10.472933762141974,0,7,8,0.0,0,0,0,0,2.4282031066359975e-15,0WN,A,34,5.631589459757826,13.72789940195935,14.966600059638692,13.589140107384814,16.065107814981875,23.32884884139081,8.866479568052391,86.75142857142858,7.0,0.0011534228322506,0.1540010065425264,0.6190476190476191,485.9,2.0,8.0,88.6,8.0,3.6,1,1,1,0,0,1,1,0,156,156,0,21,21,0,0,34,31,-3,0,0,0,-0.0278487930833121,0.000835115,0.831183696,0.53032716
Afatinib,4G5J,T790M,A,790,T,M,1.8475130345466189,1,46.80000000000001,2.6,0.0,0,-1,3.1878053161887303,6,12,10,2.72153109123845,11,12,13,-0.4662742249502805,5,0,0,3,2.7822340549374026e-15,0WN,A,34,8.615275785993065,0.0,14.38426252495376,12.622178353146584,12.25777585940085,23.64163669525156,8.731949660370674,50.010000000000005,12.0,0.0275913794022762,0.2085889570552147,0.4696969696969697,485.9,2.0,8.0,88.6,8.0,3.6,1,1,1,0,0,1,1,0,156,161,5,21,21,0,0,48,54,6,6,11,5,0.0510600365027865,0.000761852,0.804090824,0.932208675
Afatinib,4G5J,T790M,A,790,T,M,1.4294039294347458,0,46.80000000000001,2.6,0.0,0,-1,3.1878053161887303,6,12,10,2.72153109123845,11,12,13,-0.4662742249502805,5,0,0,3,2.7822340549374026e-15,0WN,A,34,8.615275785993065,0.0,14.38426252495376,12.622178353146584,12.25777585940085,23.64163669525156,8.731949660370674,50.010000000000005,12.0,0.0275913794022762,0.2085889570552147,0.4696969696969697,485.9,2.0,8.0,88.6,8.0,3.6,1,1,1,0,0,1,1,0,156,161,5,21,21,0,0,48,54,6,6,11,5,0.0510600365027865,0.000761852,0.804090824,0.932208675
Afatinib,4G5J,T790M,A,790,T,M,1.895455535394972,1,46.80000000000001,2.6,0.0,0,-1,3.1878053161887303,6,12,10,2.72153109123845,11,12,13,-0.4662742249502805,5,0,0,3,2.7822340549374026e-15,0WN,A,34,8.615275785993065,0.0,14.38426252495376,12.622178353146584,12.25777585940085,23.64163669525156,8.731949660370674,50.010000000000005,12.0,0.0275913794022762,0.2085889570552147,0.4696969696969697,485.9,2.0,8.0,88.6,8.0,3.6,1,1,1,0,0,1,1,0,156,161,5,21,21,0,0,48,54,6,6,11,5,0.0510600365027865,0.000761852,0.804090824,0.932208675
Afatinib,4G5J,T790M,A,790,T,M,1.4497506254173531,0,46.80000000000001,2.6,0.0,0,-1,3.1878053161887303,6,12,10,2.72153109123845,11,12,13,-0.4662742249502805,5,0,0,3,2.7822340549374026e-15,0WN,A,34,8.615275785993065,0.0,14.38426252495376,12.622178353146584,12.25777585940085,23.64163669525156,8.731949660370674,50.010000000000005,12.0,0.0275913794022762,0.2085889570552147,0.4696969696969697,485.9,2.0,8.0,88.6,8.0,3.6,1,1,1,0,0,1,1,0,156,161,5,21,21,0,0,48,54,6,6,11,5,0.0510600365027865,0.000761852,0.804090824,0.932208675
Afatinib,4G5J,T790M,A,790,T,M,1.869436315077552,1,46.80000000000001,2.6,0.0,0,-1,3.1878053161887303,6,12,10,2.72153109123845,11,12,13,-0.4662742249502805,5,0,0,3,2.7822340549374026e-15,0WN,A,34,8.615275785993065,0.0,14.38426252495376,12.622178353146584,12.25777585940085,23.64163669525156,8.731949660370674,50.010000000000005,12.0,0.0275913794022762,0.2085889570552147,0.4696969696969697,485.9,2.0,8.0,88.6,8.0,3.6,1,1,1,0,0,1,1,0,156,161,5,21,21,0,0,48,54,6,6,11,5,0.0510600365027865,0.000761852,0.804090824,0.932208675
Afatinib,4G5J,V769M,A,769,V,M,1.111157879556928,0,22.90000000000001,-2.3000000000000003,0.0,0,0,10.292286002051512,0,9,12,11.233677834567043,0,9,13,0.9413918325155296,0,0,1,2,3.7428958018475265e-15,0WN,A,34,17.575904771525146,12.298451016783252,19.524491452716784,12.105510632746173,10.614028624743554,17.962715565748454,17.181970672148584,42.80142857142857,9.0,0.0081572816446312,0.2100205902539464,0.5833333333333334,485.9,2.0,8.0,88.6,8.0,3.6,1,1,1,0,0,1,1,0,156,156,0,21,21,0,0,65,67,2,0,0,0,0.1652166148813333,0.00061812,0.677947143,0.404131548
Afatinib,4G5J,V774M,A,774,V,M,1.2192200532981017,0,22.90000000000001,-2.3000000000000003,0.0,0,0,10.784013301955609,0,11,12,11.76421975051266,0,11,11,0.980206448557052,0,0,1,0,6.449991775370222e-16,0WN,A,34,16.58906223930467,11.2325850433489,13.265455933415902,11.2373935781942,14.22955542612639,18.254292373232783,13.187606100076724,43.58428571428572,11.0,0.0121861991959547,0.2288706058339566,0.5454545454545454,485.9,2.0,8.0,88.6,8.0,3.6,1,1,1,0,0,1,1,0,156,156,0,21,21,0,0,60,72,12,0,0,0,-0.0375269269640583,0.000660151,0.724803648,0.527557036
Dacomitinib,4I23,E709A,A,709,E,A,1.1989742060287378,0,-49.80000000000001,5.3,1.0,0,-1,13.232276784183789,0,8,8,15.423739257429316,0,8,7,2.191462473245526,0,0,1,0,2.7982449698127995e-15,1C9,A,22,13.268096193390164,14.581634822655923,26.34551930372191,23.281030529367683,18.496446684168387,33.69704028348727,19.278878159544032,83.39333333333333,8.0,0.0041365443767068,0.1559444158517756,0.5,469.9,2.0,7.0,79.4,7.0,4.4,1,1,1,0,0,0,0,0,125,125,0,16,16,0,0,29,20,-9,0,0,0,-0.402708992969617,,,
Dacomitinib,4I23,G719A,A,719,G,A,0.626574706152002,0,28.5,2.2,0.0,0,0,,0,6,5,5.077957324858723,0,6,5,,0,0,0,0,3.203678480510924e-15,1C9,A,22,9.146196461194526,14.548539607205738,11.366825364464596,15.828821167407266,18.914729613942885,25.31336785555716,7.559812019480784,96.6775,6.0,1.2254270726227518e-05,0.1545130035696073,0.9333333333333332,469.9,2.0,7.0,79.4,7.0,4.4,1,1,1,0,0,0,0,0,125,125,0,16,16,0,0,40,25,-15,0,0,0,-0.4885694133370428,0.000710979,0.749557044,0.456740771
Dacomitinib,4I23,G779F,A,779,G,F,1.2029354271912038,0,129.8,3.2,0.0,1,0,,0,13,9,9.246078095075054,0,13,11,,0,0,0,2,1.8969627971834442e-14,1C9,A,22,11.04791618199816,7.246165761658002,20.885845097401507,15.036392427216764,11.488277856785595,24.9238969062599,14.77968616207162,53.9725,13.0,0.0222042253869393,0.2017310252996005,0.4358974358974359,469.9,2.0,7.0,79.4,7.0,4.4,1,1,1,0,0,0,0,0,125,125,0,16,16,0,0,62,56,-6,0,0,0,0.8464582418804061,0.000778731,0.82496743,0.419731664
Dacomitinib,4I23,H773R,A,773,H,R,1.3371798422131194,0,20.200000000000017,-1.2999999999999998,0.9,-1,0,14.227815778741332,0,12,10,14.227815778741332,0,12,12,0.0,0,0,2,4,4.2470054059707916e-15,1C9,A,22,19.85847466560042,13.692908607670946,13.557776255580784,14.310548236237716,20.462876792001104,20.3782666612039,14.995742212030123,38.273,12.0,0.0317708678484347,0.2514522821576763,0.5,469.9,2.0,7.0,79.4,7.0,4.4,1,1,1,0,0,0,0,0,125,125,0,16,16,0,0,67,90,23,0,0,0,0.2172681839983766,0.00064132,0.704524474,0.468508376
Dacomitinib,4I23,L747P,A,747,L,P,1.5562674180248313,1,-53.99999999999999,-5.4,0.0,0,0,10.197419016271862,0,10,7,10.319558933844585,0,10,5,0.1221399175727206,0,0,2,0,2.6644125990616178e-15,1C9,A,22,7.0144948299995065,15.143219445864824,19.32019238067738,14.498168338436503,11.966996970589046,23.279652148935813,13.11253242446797,90.75625,10.0,0.0108691572219835,0.1698430493273542,0.3777777777777777,469.9,2.0,7.0,79.4,7.0,4.4,1,1,1,0,0,0,0,0,125,125,0,16,16,0,0,35,34,-1,0,0,0,0.7374148883493361,0.000538398,0.557768472,0.718574755
Dacomitinib,4I23,L858R,A,858,L,R,0.6544843977691408,0,6.700000000000017,-8.3,1.0,0,1,10.994501530344644,0,9,8,12.096036656235013,0,9,10,1.1015351258903667,0,0,1,3,7.691850745534255e-16,1C9,A,22,16.12596237691593,17.451809721312813,17.75268222286304,5.254381379775722,9.914049900773955,6.796946774204671,15.978348415745913,60.45625,9.0,0.0194178583151567,0.2352484472049689,0.5833333333333334,469.9,2.0,7.0,79.4,7.0,4.4,1,1,1,0,0,0,0,0,125,125,0,16,16,0,0,42,60,18,0,0,0,-0.6410971771519546,0.000630052,0.676912339,0.518410617
Dacomitinib,4I23,L861K,A,861,L,K,1.4972045658507216,0,1.9000000000000057,-7.699999999999999,1.0,0,1,16.339423954981495,0,7,9,16.19254335686509,0,7,10,-0.1468805981164038,0,0,0,1,2.1142875386882457e-15,1C9,A,22,22.796297367815374,21.12968611988641,24.517925109529845,12.410760198236924,13.655991897211466,9.485449309850402,22.91725694601027,89.27875,7.0,0.0057859881082026,0.2071086807928913,0.6666666666666666,469.9,2.0,7.0,79.4,7.0,4.4,1,1,1,0,0,0,0,0,125,125,0,16,16,0,0,35,36,1,0,0,0,-0.4046251237283079,0.000616004,0.659177368,0.534984459
Dacomitinib,4I23,S768I,A,768,S,I,0.6390776631726133,0,77.69999999999999,5.3,0.0,0,-1,13.271856668055293,0,10,10,13.215100985991407,0,10,10,-0.0567556820638834,0,0,0,0,5.0770449286869616e-15,1C9,A,22,17.863454541866485,13.164327258614671,21.732208491186498,12.339689965232834,11.80569325098769,17.919969616189828,18.49065950270009,51.17333333333334,10.0,0.023403109996145,0.2017310252996005,0.4,469.9,2.0,7.0,79.4,7.0,4.4,1,1,1,0,0,0,0,0,125,125,0,16,16,0,0,43,52,9,0,0,0,0.7893018065470669,0.000626824,0.675287549,0.406957008
Dacomitinib,4I23,T725M,A,725,T,M,1.0590978827621178,0,46.80000000000001,2.6,0.0,0,-1,10.33832960536102,0,10,10,10.621599178392778,0,10,9,0.2832695730317578,0,0,1,0,6.128712743946883e-15,1C9,A,22,5.883788746640946,13.718875022536986,15.178194194508912,14.66475380484868,15.127851590598802,24.334667012899185,9.343419533699532,90.02428571428571,10.0,0.003060421021143,0.1613418530351437,0.5555555555555556,469.9,2.0,7.0,79.4,7.0,4.4,1,1,1,0,0,0,0,0,125,125,0,16,16,0,0,46,37,-9,0,0,0,-0.0278487930833121,0.000835115,0.831183696,0.53032716
Dacomitinib,4I23,T790M,A,790,T,M,2.20912974815089,1,46.80000000000001,2.6,0.0,0,-1,3.138215719264348,13,12,11,2.783272499297219,17,12,13,-0.3549432199671289,4,0,0,2,4.291672546338853e-15,1C9,A,22,8.361078707601555,0.0,14.021080926664762,12.44328603066213,13.456944755573748,23.42438216781375,8.410597591505738,52.23,12.0,0.0397289507254173,0.225111441307578,0.4545454545454545,469.9,2.0,7.0,79.4,7.0,4.4,1,1,1,0,0,0,0,0,125,129,4,16,16,0,0,47,52,5,13,17,4,0.0510600365027865,0.000761852,0.804090824,0.932208675
Dacomitinib,4I23,T790M,A,790,T,M,1.475964608236425,0,46.80000000000001,2.6,0.0,0,-1,3.138215719264348,13,12,11,2.783272499297219,17,12,13,-0.3549432199671289,4,0,0,2,4.291672546338853e-15,1C9,A,22,8.361078707601555,0.0,14.021080926664762,12.44328603066213,13.456944755573748,23.42438216781375,8.410597591505738,52.23,12.0,0.0397289507254173,0.225111441307578,0.4545454545454545,469.9,2.0,7.0,79.4,7.0,4.4,1,1,1,0,0,0,0,0,125,129,4,16,16,0,0,47,52,5,13,17,4,0.0510600365027865,0.000761852,0.804090824,0.932208675
Dacomitinib,4I23,T790M,A,790,T,M,2.531812810081373,1,46.80000000000001,2.6,0.0,0,-1,3.138215719264348,13,12,11,2.783272499297219,17,12,13,-0.3549432199671289,4,0,0,2,4.291672546338853e-15,1C9,A,22,8.361078707601555,0.0,14.021080926664762,12.44328603066213,13.456944755573748,23.42438216781375,8.410597591505738,52.23,12.0,0.0397289507254173,0.225111441307578,0.4545454545454545,469.9,2.0,7.0,79.4,7.0,4.4,1,1,1,0,0,0,0,0,125,129,4,16,16,0,0,47,52,5,13,17,4,0.0510600365027865,0.000761852,0.804090824,0.932208675
Dacomitinib,4I23,T790M,A,790,T,M,2.41521487380174,1,46.80000000000001,2.6,0.0,0,-1,3.138215719264348,13,12,11,2.783272499297219,17,12,13,-0.3549432199671289,4,0,0,2,4.291672546338853e-15,1C9,A,22,8.361078707601555,0.0,14.021080926664762,12.44328603066213,13.456944755573748,23.42438216781375,8.410597591505738,52.23,12.0,0.0397289507254173,0.225111441307578,0.4545454545454545,469.9,2.0,7.0,79.4,7.0,4.4,1,1,1,0,0,0,0,0,125,129,4,16,16,0,0,47,52,5,13,17,4,0.0510600365027865,0.000761852,0.804090824,0.932208675
Dacomitinib,4I23,T790M,A,790,T,M,1.228479609167929,0,46.80000000000001,2.6,0.0,0,-1,3.138215719264348,13,12,11,2.783272499297219,17,12,13,-0.3549432199671289,4,0,0,2,4.291672546338853e-15,1C9,A,22,8.361078707601555,0.0,14.021080926664762,12.44328603066213,13.456944755573748,23.42438216781375,8.410597591505738,52.23,12.0,0.0397289507254173,0.225111441307578,0.4545454545454545,469.9,2.0,7.0,79.4,7.0,4.4,1,1,1,0,0,0,0,0,125,129,4,16,16,0,0,47,52,5,13,17,4,0.0510600365027865,0.000761852,0.804090824,0.932208675
Dacomitinib,4I23,V769M,A,769,V,M,1.1059908153396625,0,22.90000000000001,-2.3000000000000003,0.0,0,0,10.22057654521664,0,11,11,10.982384708062485,0,11,12,0.7618081628458437,0,0,1,2,2.19577964614336e-15,1C9,A,22,17.954486493710792,12.380771282714614,19.21751813458613,11.706424095186437,13.752581185083828,17.563999356554604,17.006093876404176,47.54857142857143,11.0,0.0343801944751403,0.2286792452830188,0.3818181818181818,469.9,2.0,7.0,79.4,7.0,4.4,1,1,1,0,0,0,0,0,125,125,0,16,16,0,0,58,60,2,0,0,0,0.1652166148813333,0.00061812,0.677947143,0.404131548
Dacomitinib,4I23,V774M,A,774,V,M,1.2423337463461348,0,22.90000000000001,-2.3000000000000003,0.0,0,0,10.557665785882676,0,11,12,11.58366262432607,0,11,12,1.025996838443394,0,0,0,0,2.6306462370339395e-15,1C9,A,22,16.9302147316741,11.182018541321115,13.143454367712051,10.95530266230088,16.676122463800702,17.965864105536323,13.04112018125334,48.29285714285715,11.0,0.0108338178562353,0.2389589905362776,0.5272727272727272,469.9,2.0,7.0,79.4,7.0,4.4,1,1,1,0,0,0,0,0,125,125,0,16,16,0,0,63,71,8,0,0,0,-0.0375269269640583,0.000660151,0.724803648,0.527557036
Osimertinib,4ZAU,C797S,A,797,C,S,1.1297943092920617,0,-19.5,-3.3,0.0,0,0,3.350198207322048,4,12,10,3.795322588924327,4,12,10,0.4451243816022794,0,0,0,0,1.9611455773361464e-15,YY3,A,37,15.076616636420782,14.326774819177684,0.0,13.818016771392935,20.50499426441064,20.863910813157386,7.4148111875600735,56.26666666666666,12.0,0.0105826824816301,0.2387806943268416,0.5454545454545454,499.6,2.0,7.0,87.6,10.0,3.7,1,4,4,0,0,0,0,0,122,140,18,13,15,0,2,40,37,-3,4,4,0,-0.2837082647770794,0.000622615,0.668594826,1.152170923
Osimertinib,4ZAU,C797S,A,797,C,S,1.1147698410041862,0,-19.5,-3.3,0.0,0,0,3.350198207322048,4,12,10,3.795322588924327,4,12,10,0.4451243816022794,0,0,0,0,1.9611455773361464e-15,YY3,A,37,15.076616636420782,14.326774819177684,0.0,13.818016771392935,20.50499426441064,20.863910813157386,7.4148111875600735,56.26666666666666,12.0,0.0105826824816301,0.2387806943268416,0.5454545454545454,499.6,2.0,7.0,87.6,10.0,3.7,1,4,4,0,0,0,0,0,122,140,18,13,15,0,2,40,37,-3,4,4,0,-0.2837082647770794,0.000622615,0.668594826,1.152170923
Osimertinib,4ZAU,E709A,A,709,E,A,1.110998187823537,0,-49.80000000000001,5.3,1.0,0,-1,17.213808825900234,0,7,8,18.774823994870548,0,7,7,1.5610151689703144,0,0,1,0,4.086264287485341e-15,YY3,A,37,12.899761067636428,14.06836007818473,26.23219537344508,23.39495686279965,18.78862593337162,33.76213787228143,19.02383936049829,75.58555555555557,7.0,0.002473220272427,0.1614195764167143,0.5238095238095238,499.6,2.0,7.0,87.6,10.0,3.7,1,4,4,0,0,0,1,1,122,148,26,13,15,0,2,31,26,-5,0,0,0,-0.402708992969617,,,
Osimertinib,4ZAU,G719A,A,719,G,A,0.66619792602984,0,28.5,2.2,0.0,0,0,,0,7,6,2.6111708880403786,3,7,6,,3,0,0,0,4.402752332302861e-15,YY3,A,37,9.609763552590175,14.960811527771927,11.708925730576338,16.48292559532272,20.16947193101376,25.13023929939879,7.986188582897157,85.33749999999999,7.0,0.0011193745280884,0.1606837606837607,0.7619047619047619,499.6,2.0,7.0,87.6,10.0,3.7,1,4,4,0,0,0,0,0,122,131,9,13,15,0,2,37,17,-20,5,3,-2,-0.4885694133370428,0.000710979,0.749557044,0.456740771
Osimertinib,4ZAU,G779F,A,779,G,F,1.1105278754314205,0,129.8,3.2,0.0,1,0,,0,11,9,12.307108168089073,0,11,12,,0,0,0,3,5.528866075183429e-15,YY3,A,37,11.048657941302942,7.024749961953164,21.06063300117996,15.477062479437308,10.64923776612228,25.43039155090792,14.78753061770414,47.8775,11.0,0.0126805782139248,0.204644412191582,0.509090909090909,499.6,2.0,7.0,87.6,10.0,3.7,1,4,4,0,0,0,0,0,122,138,16,13,14,0,1,62,83,21,0,0,0,0.8464582418804061,0.000778731,0.82496743,0.419731664
Osimertinib,4ZAU,H773R,A,773,H,R,1.0322609653326302,0,20.200000000000017,-1.2999999999999998,0.9,-1,0,14.565133402968536,0,12,10,13.466110799449472,0,12,11,-1.0990226035190638,0,0,0,1,2.1474371155160907e-15,YY3,A,37,20.01434810594307,13.770003091304256,13.724602071161035,14.436592644758289,18.48014844241933,20.20544346878144,15.015718866210149,42.992,12.0,0.0308406955673117,0.254054054054054,0.5,499.6,2.0,7.0,87.6,10.0,3.7,1,4,4,0,0,0,0,0,122,132,10,13,15,0,2,66,84,18,0,0,0,0.2172681839983766,0.00064132,0.704524474,0.468508376
Osimertinib,4ZAU,H773R,A,773,H,R,1.0068454094408907,0,20.200000000000017,-1.2999999999999998,0.9,-1,0,14.565133402968536,0,12,10,13.466110799449472,0,12,11,-1.0990226035190638,0,0,0,1,2.1474371155160907e-15,YY3,A,37,20.01434810594307,13.770003091304256,13.724602071161035,14.436592644758289,18.48014844241933,20.20544346878144,15.015718866210149,42.992,12.0,0.0308406955673117,0.254054054054054,0.5,499.6,2.0,7.0,87.6,10.0,3.7,1,4,4,0,0,0,0,0,122,132,10,13,15,0,2,66,84,18,0,0,0,0.2172681839983766,0.00064132,0.704524474,0.468508376
Osimertinib,4ZAU,L858R,A,858,L,R,0.6675070727045649,0,6.700000000000017,-8.3,1.0,0,1,12.250466939704188,0,8,10,12.41469789463045,0,8,8,0.1642309549262623,0,0,2,0,5.386330018648596e-15,YY3,A,37,16.652668531060925,17.750895332912847,17.77031142314703,5.198052297759994,10.299579511659145,6.5035176610632055,16.139241839082683,68.2875,8.0,0.0063368601870774,0.2365771812080536,0.6071428571428571,499.6,2.0,7.0,87.6,10.0,3.7,1,4,4,0,0,0,0,0,122,141,19,13,15,0,2,39,35,-4,0,0,0,-0.6410971771519546,0.000630052,0.676912339,0.518410617
Osimertinib,4ZAU,L861K,A,861,L,K,1.0417297043156712,0,1.9000000000000057,-7.699999999999999,1.0,0,1,21.15670272315315,0,7,3,16.995518098876044,0,7,8,-4.161184624277105,0,0,0,5,5.857939004215904e-15,YY3,A,37,22.78114257937141,20.781054540415845,24.59695972075836,12.249508805689258,11.883697037784613,11.012791535862968,22.81622263957876,78.05,7.0,0.0009756009162637,0.2136363636363636,0.6666666666666666,499.6,2.0,7.0,87.6,10.0,3.7,1,4,4,0,0,0,0,0,122,129,7,13,15,0,2,20,50,30,0,0,0,-0.4046251237283079,0.000616004,0.659177368,0.534984459
Osimertinib,4ZAU,S768I,A,768,S,I,0.6987723110080921,0,77.69999999999999,5.3,0.0,0,-1,18.774219438959232,0,8,10,17.69927871026662,0,8,10,-1.0749407286926136,0,0,0,0,2.008479191788825e-15,YY3,A,37,18.395570928335545,13.571803978373335,22.294403542093,12.784330114619271,9.507954308576764,18.61592424042424,18.95766461221305,55.14166666666667,8.0,0.0222006876202717,0.2055393586005831,0.4642857142857143,499.6,2.0,7.0,87.6,10.0,3.7,1,4,4,0,0,0,0,0,122,122,0,13,13,0,0,40,53,13,0,0,0,0.7893018065470669,0.000626824,0.675287549,0.406957008
Osimertinib,4ZAU,T725M,A,725,T,M,0.9196673727752176,0,46.80000000000001,2.6,0.0,0,-1,7.961921529253903,0,11,9,7.810046431162523,0,11,10,-0.1518750980913799,0,0,0,1,5.222977341490898e-15,YY3,A,37,5.87798781421245,13.585046366647791,15.476275105052585,15.3911815386204,16.76816968798887,24.63478087897687,9.44392678879034,90.59285714285716,11.0,0.0041336776776206,0.1677572873289708,0.5454545454545454,499.6,2.0,7.0,87.6,10.0,3.7,1,4,4,0,0,0,0,0,122,124,2,13,14,0,1,40,37,-3,0,0,0,-0.0278487930833121,0.000835115,0.831183696,0.53032716
Osimertinib,4ZAU,T725M,A,725,T,M,1.137761851907822,0,46.80000000000001,2.6,0.0,0,-1,7.961921529253903,0,11,9,7.810046431162523,0,11,10,-0.1518750980913799,0,0,0,1,5.222977341490898e-15,YY3,A,37,5.87798781421245,13.585046366647791,15.476275105052585,15.3911815386204,16.76816968798887,24.63478087897687,9.44392678879034,90.59285714285716,11.0,0.0041336776776206,0.1677572873289708,0.5454545454545454,499.6,2.0,7.0,87.6,10.0,3.7,1,4,4,0,0,0,0,0,122,124,2,13,14,0,1,40,37,-3,0,0,0,-0.0278487930833121,0.000835115,0.831183696,0.53032716
Osimertinib,4ZAU,T790M,A,790,T,M,1.1775653893034592,0,46.80000000000001,2.6,0.0,0,-1,4.683391719902487,0,12,11,4.527793463566133,0,12,11,-0.1555982563363542,0,0,1,1,2.554874071386857e-15,YY3,A,37,8.304941008251886,0.0,14.326774819177684,12.737559537980973,12.321914610591646,23.38355502866696,8.476539440917447,45.14,12.0,0.0347318227333831,0.2353923205342237,0.4848484848484848,499.6,2.0,7.0,87.6,10.0,3.7,1,4,4,0,0,0,0,0,122,125,3,13,15,0,2,45,55,10,0,0,0,0.0510600365027865,0.000761852,0.804090824,0.932208675
Osimertinib,4ZAU,T790M,A,790,T,M,1.2060486324190072,0,46.80000000000001,2.6,0.0,0,-1,4.683391719902487,0,12,11,4.527793463566133,0,12,11,-0.1555982563363542,0,0,1,1,2.554874071386857e-15,YY3,A,37,8.304941008251886,0.0,14.326774819177684,12.737559537980973,12.321914610591646,23.38355502866696,8.476539440917447,45.14,12.0,0.0347318227333831,0.2353923205342237,0.4848484848484848,499.6,2.0,7.0,87.6,10.0,3.7,1,4,4,0,0,0,0,0,122,125,3,13,15,0,2,45,55,10,0,0,0,0.0510600365027865,0.000761852,0.804090824,0.932208675
Osimertinib,4ZAU,T790M,A,790,T,M,1.0912433936581516,0,46.80000000000001,2.6,0.0,0,-1,4.683391719902487,0,12,11,4.527793463566133,0,12,11,-0.1555982563363542,0,0,1,1,2.554874071386857e-15,YY3,A,37,8.304941008251886,0.0,14.326774819177684,12.737559537980973,12.321914610591646,23.38355502866696,8.476539440917447,45.14,12.0,0.0347318227333831,0.2353923205342237,0.4848484848484848,499.6,2.0,7.0,87.6,10.0,3.7,1,4,4,0,0,0,0,0,122,125,3,13,15,0,2,45,55,10,0,0,0,0.0510600365027865,0.000761852,0.804090824,0.932208675
Osimertinib,4ZAU,V769M,A,769,V,M,0.9536928073751436,0,22.90000000000001,-2.3000000000000003,0.0,0,0,14.043514815043729,0,11,11,11.526087364488596,0,11,10,-2.5174274505551306,0,0,2,1,2.5325729666179733e-15,YY3,A,37,18.367235424396515,12.632097946194778,19.7427566363879,12.168089280170916,11.42511722069422,18.19790671487205,17.377199913357018,49.18000000000001,11.0,0.0363593507348571,0.23421926910299,0.3818181818181818,499.6,2.0,7.0,87.6,10.0,3.7,1,4,4,0,0,0,0,0,122,127,5,13,15,0,2,54,61,7,0,0,0,0.1652166148813333,0.00061812,0.677947143,0.404131548
Osimertinib,4ZAU,V769M,A,769,V,M,0.9293370804833778,0,22.90000000000001,-2.3000000000000003,0.0,0,0,14.043514815043729,0,11,11,11.526087364488596,0,11,10,-2.5174274505551306,0,0,2,1,2.5325729666179733e-15,YY3,A,37,18.367235424396515,12.632097946194778,19.7427566363879,12.168089280170916,11.42511722069422,18.19790671487205,17.377199913357018,49.18000000000001,11.0,0.0363593507348571,0.23421926910299,0.3818181818181818,499.6,2.0,7.0,87.6,10.0,3.7,1,4,4,0,0,0,0,0,122,127,5,13,15,0,2,54,61,7,0,0,0,0.1652166148813333,0.00061812,0.677947143,0.404131548
Osimertinib,4ZAU,V774M,A,774,V,M,0.8280293377636769,0,22.90000000000001,-2.3000000000000003,0.0,0,0,12.857114489432991,0,11,12,13.134783817191922,0,11,12,0.2776693277589288,0,0,0,0,2.5112107464358995e-15,YY3,A,37,17.14799943825829,11.322319750844724,13.3349746596602,11.090400014466828,14.70903983401992,17.83090491761336,13.110519297586537,49.20571428571429,11.0,0.0181435027649236,0.2478031634446397,0.5272727272727272,499.6,2.0,7.0,87.6,10.0,3.7,1,4,5,0,1,0,2,2,122,155,33,13,15,0,2,58,69,11,0,0,0,-0.0375269269640583,0.000660151,0.724803648,0.527557036
Osimertinib,4ZAU,V774M,A,774,V,M,0.9328015517605144,0,22.90000000000001,-2.3000000000000003,0.0,0,0,12.857114489432991,0,11,12,13.134783817191922,0,11,12,0.2776693277589288,0,0,0,0,2.5112107464358995e-15,YY3,A,37,17.14799943825829,11.322319750844724,13.3349746596602,11.090400014466828,14.70903983401992,17.83090491761336,13.110519297586537,49.20571428571429,11.0,0.0181435027649236,0.2478031634446397,0.5272727272727272,499.6,2.0,7.0,87.6,10.0,3.7,1,4,5,0,1,0,2,2,122,155,33,13,15,0,2,58,69,11,0,0,0,-0.0375269269640583,0.000660151,0.724803648,0.527557036
